date,UKR,counterfactual,gap
2006-01-01,25.815994260555343,2.3454545454545452,23.4705397151008
2006-02-01,22.087221964114438,2.4,19.68722196411444
2006-03-01,18.896171632041717,2.327272727272727,16.56889890476899
2006-04-01,17.26426339395486,2.5818181818181816,14.682445212136678
2006-05-01,17.033655206356112,2.6545454545454548,14.379109751810658
2006-06-01,15.08500472789569,2.5545454545454542,12.530459273350235
2006-07-01,11.644662252905611,2.5454545454545454,9.099207707451066
2006-08-01,9.85655955416036,2.4363636363636365,7.420195917796723
2006-09-01,9.63684643505205,1.9727272727272727,7.664119162324777
2006-10-01,7.285958889661059,1.8090909090909093,5.47686798057015
2006-11-01,6.016302571440235,2.018181818181818,3.998120753258417
2006-12-01,6.121896498304191,2.109090909090909,4.012805589213283
2007-01-01,6.1218964983042135,1.9909090909090912,4.130987407395122
2007-02-01,5.599128535258324,1.9727272727272727,3.6264012625310516
2007-03-01,3.4997422820723267,2.0999999999999996,1.399742282072327
2007-04-01,2.162270463317917,2.090909090909091,0.07136137240882601
2007-05-01,2.0616179801028034,1.9727272727272724,0.08889070737553095
2007-06-01,1.3500329941857905,1.9909090909090907,-0.6408760967233003
2007-07-01,-1.0678604370870204,1.9272727272727272,-2.9951331643597476
2007-08-01,-0.8665742935206167,1.7454545454545454,-2.612028838975162
2007-09-01,-0.8665742935206167,2.090909090909091,-2.9574833844297075
2007-10-01,-1.0640512371590138,2.5090909090909093,-3.573142146249923
2007-11-01,-0.5703588780629709,2.9818181818181815,-3.5521770598811524
2007-12-01,-0.3724889454819968,2.9909090909090907,-3.3633980363910876
2008-01-01,-0.5686060932270864,3.2272727272727266,-3.795878820499813
2008-02-01,-0.0763714699262396,3.3272727272727267,-3.4036441971989664
2008-03-01,2.457189091181045,3.6181818181818177,-1.1609927270007727
2008-04-01,4.314419104918499,3.309090909090909,1.0053281958275897
2008-05-01,3.5942998408805997,3.809090909090909,-0.21479106821030935
2008-06-01,3.906017894564262,4.1,-0.19398210543573757
2008-07-01,5.916419462789024,4.109090909090909,1.807328553698115
2008-08-01,7.421830500838866,3.972727272727273,3.449103228111593
2008-09-01,5.807273930184986,3.8818181818181814,1.9254557483668049
2008-10-01,6.229658257251547,3.3454545454545452,2.8842037117970016
2008-11-01,6.86260557556686,2.354545454545455,4.508060121021405
2008-12-01,8.13604278202844,1.7909090909090908,6.345133691119349
2009-01-01,8.242685822247342,1.3454545454545455,6.897231276792796
2009-02-01,8.136042782028397,1.290909090909091,6.845133691119306
2009-03-01,7.387326363161795,0.6181818181818182,6.7691445449799765
2009-04-01,6.643793935325859,0.6090909090909091,6.03470302623495
2009-05-01,6.643793935325837,0.009090909090909078,6.634703026234928
2009-06-01,7.390300492873125,-0.22727272727272735,7.617573220145853
2009-07-01,8.033998597725578,-0.6545454545454544,8.688544052271032
2009-08-01,8.142140738463999,-0.24545454545454543,8.387595283918545
2009-09-01,9.902338349669936,-0.4818181818181818,10.384156531488118
2009-10-01,10.66706635011496,-0.33636363636363636,11.003429986478595
2009-11-01,11.65028806497286,0.29090909090909084,11.35937897406377
2009-12-01,11.32158260452638,0.6909090909090909,10.630673513617289
2010-01-01,12.308670529098542,0.7090909090909091,11.599579620007633
2010-02-01,12.640944702261605,0.6636363636363636,11.97730833862524
2010-03-01,13.314097758251188,1.3636363636363635,11.950461394614825
2010-04-01,14.668449524286054,1.481818181818182,13.186631342467871
2010-05-01,14.668449524286077,1.6,13.068449524286077
2010-06-01,14.554578174212264,1.4909090909090907,13.063669083303173
2010-07-01,14.440819903930048,1.781818181818182,12.659001722111867
2010-08-01,14.784142363641829,1.7090909090909092,13.07505145455092
2010-09-01,14.899041405046852,1.9454545454545453,12.953586859592306
2010-10-01,13.87822070154694,2.118181818181818,11.760038883365123
2010-11-01,12.429671905930364,2.0090909090909093,10.420580996839455
2010-12-01,11.987035402363787,2.4,9.587035402363787
2011-01-01,10.346600313461952,2.618181818181818,7.728418495280134
2011-02-01,9.804089987437049,2.7636363636363632,7.040453623800685
2011-03-01,10.673825353674204,2.909090909090909,7.764734444583294
2011-04-01,8.604137674816116,2.9818181818181815,5.622319492997934
2011-05-01,7.417796548278877,2.854545454545455,4.563251093733422
2011-06-01,7.311019414533093,2.8090909090909095,4.501928505442184
2011-07-01,6.777664447263976,2.781818181818182,3.9958462654457936
2011-08-01,7.416414184735176,2.627272727272727,4.789141457462449
2011-09-01,7.416414184735176,3.027272727272727,4.389141457462449
2011-10-01,9.128229550228962,3.0454545454545454,6.082775004774417
2011-11-01,10.966861762670854,3.0454545454545454,7.921407217216309
2011-12-01,11.624768057706468,2.709090909090909,8.91567714861556
2012-01-01,11.624768057706468,2.645454545454545,8.979313512251924
2012-02-01,10.852659978255886,2.645454545454545,8.207205432801342
2012-03-01,9.545948858669416,2.6,6.945948858669416
2012-04-01,10.095326736596522,2.4999999999999996,7.5953267365965225
2012-05-01,10.537476643169196,2.3363636363636364,8.20111300680556
2012-06-01,10.647464182117638,2.272727272727273,8.374736909390364
2012-07-01,12.968739654469807,2.309090909090909,10.659648745378899
2012-08-01,13.528545103699097,2.581818181818182,10.946726921880915
2012-09-01,14.20971637432129,2.5727272727272728,11.636989101594018
2012-10-01,14.43365699466308,2.5363636363636366,11.897293358299443
2012-11-01,14.76825833090476,2.2181818181818183,12.550076512722942
2012-12-01,15.219214159316996,2.2818181818181817,12.937395977498815
2013-01-01,16.589512048228606,1.8636363636363633,14.725875684592243
2013-02-01,19.373739201619088,1.736363636363636,17.637375565255454
2013-03-01,21.865636342010752,1.6363636363636365,20.229272705647116
2013-04-01,26.24404243813092,1.2181818181818183,25.0258606199491
2013-05-01,30.157607753712966,1.418181818181818,28.73942593553115
2013-06-01,31.06327699255589,1.5818181818181818,29.481458810737706
2013-07-01,29.26788963649347,1.518181818181818,27.749707818311652
2013-08-01,26.84571024488265,1.136363636363636,25.709346608519013
2013-09-01,25.963086018526617,0.9272727272727274,25.03581329125389
2013-10-01,24.60731894787709,0.5272727272727273,24.080046220604363
2013-11-01,23.1541723712255,0.5636363636363636,22.590536007589137
2013-12-01,22.31065064265543,0.7363636363636362,21.574287006291794
2014-01-01,22.31065064265545,0.6454545454545454,21.665196097200905
2014-02-01,22.31065064265547,0.5454545454545454,21.765196097200924
2014-03-01,20.88150964196227,0.3272727272727272,20.554236914689543
2014-04-01,18.086561442148085,0.5090909090909091,17.577470533057177
2014-05-01,15.566770606331184,0.30909090909090914,15.257679697240276
2014-06-01,14.654101144484557,0.3909090909090908,14.263192053575466
2014-07-01,14.995333588366954,0.30000000000000004,14.695333588366953
2014-08-01,15.457626386712132,0.40909090909090917,15.048535477621222
2014-09-01,15.342053187125826,0.3272727272727272,15.014780459853098
2014-10-01,14.999791901704086,0.2909090909090909,14.708882810794995
2014-11-01,14.0951721030673,0.2545454545454545,13.840626648521846
2014-12-01,13.6455359568483,-0.2818181818181818,13.927354138666482
2015-01-01,12.309839158139036,-0.6727272727272728,12.98256643086631
2015-02-01,11.109248068984968,-0.4090909090909091,11.518338978075876
2015-03-01,11.547117026892328,-0.1545454545454545,11.701662481437783
2015-04-01,10.997081933071362,-0.00909090909090911,11.006172842162272
2015-05-01,9.676997707901048,0.3818181818181819,9.295179526082865
2015-06-01,8.476552956869332,0.38181818181818183,8.094734775051151
2015-07-01,6.867108550981049,0.38181818181818183,6.485290369162867
2015-08-01,6.760134468347445,0.3181818181818182,6.441952650165627
2015-09-01,8.257771625218036,0.09999999999999996,8.157771625218036
2015-10-01,10.51314186741008,0.2999999999999999,10.21314186741008
2015-11-01,10.07503228617157,0.22727272727272732,9.847759558898844
2015-12-01,9.204013237418462,0.3909090909090909,8.813104146509371
2016-01-01,9.095783293674751,0.4272727272727273,8.668510566402023
2016-02-01,8.238449043822648,0.09090909090909091,8.147539952913556
2016-03-01,7.176246403549635,0.07272727272727271,7.103519130822363
2016-04-01,7.707347723686153,0.0090909090909091,7.698256814595244
2016-05-01,9.435850796483503,0.08181818181818185,9.354032614665321
2016-06-01,10.977200807701548,0.2545454545454545,10.722655353156094
2016-07-01,11.86858394671926,0.3,11.56858394671926
2016-08-01,10.635563482376664,0.3909090909090909,10.244654391467574
2016-09-01,8.886384613090105,0.43636363636363645,8.450020976726469
2016-10-01,5.923489793686221,0.6454545454545454,5.278035248231675
2016-11-01,5.396507257399219,0.5818181818181818,4.814689075581037
2016-12-01,5.186344730465242,0.9909090909090911,4.195435639556151
2017-01-01,4.560235535641022,1.6272727272727274,2.9329628083682944
2017-02-01,3.732035650210208,1.8363636363636366,1.8956720138465715
2017-03-01,3.012388227463436,1.4727272727272727,1.5396609547361635
2017-04-01,1.8948968364357557,1.8272727272727267,0.06762410916302897
2017-05-01,0.5872624249119163,1.3272727272727272,-0.7400103023608109
2017-06-01,-0.5104160340901331,1.090909090909091,-1.6013251249992242
2017-07-01,-1.2040685119400818,1.1818181818181819,-2.3858866937582635
2017-08-01,-0.1029993666830986,1.3636363636363638,-1.4666357303194624
2017-09-01,-0.0027011732761317,1.4181818181818182,-1.42088299145795
2017-10-01,-0.0027011732761095,1.309090909090909,-1.3117920823670186
2017-11-01,-0.0027011732761095,1.4636363636363634,-1.466337536912473
2017-12-01,-0.2024959761267153,1.2818181818181817,-1.484314157944897
2018-01-01,-0.2024959761267264,1.1363636363636362,-1.3388596124903627
2018-02-01,-0.2024959761267153,1.0272727272727271,-1.2297687033994424
2018-03-01,-0.5012908983538678,1.1363636363636365,-1.6376545347175042
2018-04-01,-0.7988942157067358,0.990909090909091,-1.7898033066158268
2018-05-01,-0.7988942157067358,1.6454545454545453,-2.4443487611612813
2018-06-01,-0.4008957973144156,1.781818181818182,-2.182713979132598
2018-07-01,-0.101199395500906,1.936363636363636,-2.037563031864542
2018-08-01,-0.0011003968991896,1.8,-1.8011003968991897
2018-09-01,-0.402299592899602,1.863636363636364,-2.265935956535966
2018-10-01,-0.5017977951044972,2.0,-2.501797795104497
2018-11-01,-0.1038049862849166,1.718181818181818,-1.8219868044667347
2018-12-01,0.1961835873298456,1.3636363636363638,-1.1674527763065181
2019-01-01,0.4961721609445746,1.2363636363636366,-0.7401914754190619
2019-02-01,0.4961721609445968,1.3818181818181818,-0.885646020873585
2019-03-01,1.200349543453716,1.4454545454545455,-0.24510500200082963
2019-04-01,3.426757233409705,1.654545454545454,1.772211778864251
2019-05-01,6.839840222112215,1.1909090909090911,5.648931131203124
2019-06-01,10.788965185367092,1.1818181818181819,9.60714700354891
2019-07-01,11.89685483722076,0.881818181818182,11.015036655402577
2019-08-01,12.456899155725388,0.9545454545454546,11.502353701179933
2019-09-01,14.155643855962976,0.7636363636363636,13.392007492326613
2019-10-01,17.46615752778591,0.6636363636363637,16.802521164149546
2019-11-01,19.806120825152146,0.8727272727272727,18.933393552424874
2019-12-01,21.838759601626755,1.2363636363636363,20.60239596526312
2020-01-01,24.869574517090157,1.3,23.569574517090157
2020-02-01,28.48356419872249,1.0727272727272728,27.410836925995216
2020-03-01,34.4862754485634,0.6454545454545454,33.84082090310885
2020-04-01,45.80312445891215,0.13636363636363633,45.66676082254852
2020-05-01,60.90567462067749,-0.09090909090909091,60.99658371158658
2020-06-01,58.42543300802732,0.1,58.32543300802732
2020-07-01,57.48429182184107,0.3636363636363636,57.1206554582047
2020-08-01,55.28829572073968,-0.31818181818181823,55.6064775389215
2020-09-01,52.82340213787082,-0.3,53.12340213787082
2020-10-01,51.93230358313097,-0.2818181818181818,52.21412176494915
2020-11-01,46.44256214506859,-0.2636363636363636,46.70619850870496
2020-12-01,46.58627417857706,-0.2545454545454545,46.840819633122514
2021-01-01,43.31298844449232,0.5000000000000001,42.81298844449232
2021-02-01,40.2549033370444,0.5272727272727272,39.72763060977167
2021-03-01,32.6627575723611,0.9363636363636363,31.726393935997464
2021-04-01,20.929047967585525,1.3181818181818181,19.61086614940371
2021-05-01,9.790846181097358,1.7090909090909094,8.081755272006449
2021-06-01,7.534869889704909,1.6727272727272726,5.8621426169776365
2021-07-01,6.8922312250254025,1.8090909090909089,5.083140315934494
2021-08-01,7.8639787816165985,2.6818181818181817,5.182160599798417
2021-09-01,8.407648029507776,2.9909090909090907,5.4167389385986855
2021-10-01,7.877796377359636,3.8000000000000003,4.077796377359636
2021-11-01,12.35904222484876,4.672727272727272,7.686314952121489
2021-12-01,12.138730377349027,4.8,7.338730377349028
2022-01-01,12.361448809081654,5.300000000000001,7.061448809081654
2022-02-01,12.584167240814148,6.054545454545456,6.5296217862686925
2022-03-01,14.166675615685032,7.554545454545454,6.612130161139578
2022-04-01,15.070966115611297,7.7272727272727275,7.343693388338569
2022-05-01,12.180294503045252,8.372727272727273,3.8075672303179786
2022-06-01,13.525113218366425,9.145454545454546,4.379658672911878
2022-07-01,15.57266035056144,9.463636363636363,6.109023986925077
2022-08-01,15.919725396659178,9.627272727272727,6.292452669386451
2022-09-01,16.15226245863848,10.41818181818182,5.734080640456659
2022-10-01,16.38045943792852,10.727272727272727,5.653186710655792
2022-11-01,14.56909041943939,9.799999999999999,4.769090419439392
2022-12-01,13.556200622018013,9.109090909090908,4.447109712927105
2023-01-01,13.66874393284263,8.318181818181818,5.350562114660812
2023-02-01,14.118471900925078,8.081818181818182,6.036653719106896
2023-03-01,14.005483314884582,6.490909090909091,7.514574223975491
2023-04-01,13.22155563000813,6.309090909090909,6.912464720917221
2023-05-01,13.109343979235044,5.572727272727271,7.536616706507773
2023-06-01,11.657792674466982,4.781818181818182,6.8759744926488
2023-07-01,9.89940223864858,4.6,5.299402238648581
2023-08-01,8.912281859259563,4.554545454545454,4.357736404714109
2023-09-01,9.021303162421956,3.6636363636363636,5.357666798785592
2023-10-01,8.9144195318706,2.545454545454546,6.368964986416054
2023-11-01,9.452534252877864,2.1727272727272724,7.2798069801505925
2023-12-01,9.994915492981304,2.6363636363636362,7.358551856617668
2024-01-01,9.77710377913381,2.6636363636363636,7.113467415497446
2024-02-01,9.23632986889178,2.6090909090909093,6.62723895980087
2024-03-01,8.803281980412514,2.590909090909091,6.212372889503423
2024-04-01,8.588043044744055,2.5181818181818185,6.069861226562236
2024-05-01,8.803495511102666,2.6818181818181817,6.121677329284484
2024-06-01,9.565119979680391,2.6363636363636362,6.9287563433167545
2024-07-01,9.017294379781982,2.6636363636363636,6.3536580161456175
2024-08-01,9.127080174726409,2.272727272727273,6.854352901999135
2024-09-01,8.799698934202226,1.9727272727272727,6.826971661474953
2024-10-01,7.51844634616452,2.1545454545454548,5.363900891619066
2024-11-01,6.4612344843536285,2.4,4.061234484353628
2024-12-01,5.096346862759371,2.5272727272727273,2.5690741354866438
2025-01-01,4.053724374041545,2.6545454545454543,1.3991789194960909
2025-02-01,3.229536458207516,2.5272727272727273,0.7022637309347886
2025-03-01,2.407808804808864,2.381818181818182,0.025990622990682333
2025-04-01,2.306314445240188,2.4000000000000004,-0.09368555475981255
2025-05-01,2.103727683962453,2.1363636363636362,-0.03263595240118322
2025-06-01,1.6981518043836408,2.281818181818182,-0.5836663774345414
2025-07-01,2.4136161889370955,2.3272727272727276,0.0863434616643679
2025-08-01,2.4136161889370733,2.3636363636363638,0.049979825300709546
2025-09-01,2.516337970470661,2.4090909090909087,0.10724706137975248
2025-10-01,2.312730546497499,2.2636363636363637,0.049094182861135316
2025-11-01,2.617535106218916,2.4000000000000004,0.2175351062189157
2025-12-01,3.8477153472525223,2.2818181818181813,1.565897165434341
